id,x,y,z
9,0.060564,0.897656,0.166507
8,0.274907,0.477732,0.436411
7,0.884707,0.072685,0.753356
6,0.98255,0.365339,0.75641
5,0.328234,0.047464,0.762198
4,0.701191,0.653919,0.526929
3,0.930436,0.686773,0.066842
2,0.007698,0.5297,0.034572
1,0.519416,0.934693,0.678865
0,0.218959,0.45865,0.131538
